Okay, here is the list of 265 emails remaining after the initial filtering, formatted as a CSV (Email, First Name, Last Name):

```
 
chadwhite22@gmail.com,Chad,White
kirabrasel@gmail.com,,
 
trystar360@hotmail.com,Chris,McBride
emilyriedy@gmail.com,emily riedy,
roth.noelle@gmail.com,Elle,Roth
bigbadbrad101@gmail.com,Brad,Smith
westbrook.bryan@gmail.com,Bryan,Westbrook
e30carl@gmail.com,Carl,Stern
juliana.may.scott@gmail.com,Juliana,Scott
flextex@gmail.com,Matt,Wise
keatinglisa1@gmail.com,lisa,keating
3bottlesofwine@gmail.com,,
rachelkerbs@gmail.com,Rachel,Kerbs
 
warpking@aol.com,,
jonsadrgilany@gmail.com,Jon,Sadrgilany
haydensmeltzer@gmail.com,hayden smeltzer,
berniestern@gmail.com,Bernie,Stern
amyvorpahl@gmail.com,Amy,Vorpahl
mwebb1134@yahoo.com,Mitchell,Webb
tavito@hotmail.com,Gustavo Manuel,Trevino Cruz
hectorzavala78@gmail.com,hector,zavala
ksafran1@hotmail.com,keri,safran
bethypoluikis@gmail.com,Bethy,Poluikis
kjguardgirl@gmail.com,Katie,Jordan
tracward@gmail.com,Tracy,Ward
devon_romeo@hotmail.com,devon,garcia
shawnsilbernagel@hotmail.com,Shawn,Silbernagel
lnpflicke@gmail.com,Lara,Pflicke
zm120960@gmail.com,Meng,Zhang
timthavirat@gmail.com,Tim,Thavirat
jeniece38@gmail.com,Jeniece,Sanders
kristofer.sundquist@gmail.com,Kristofer,Sundquist
ross_p@hotmail.com,ross,powell
johannamckeon@earthlink.net,,
jpenca09@gmail.com,James,Penca
leejamesrichard@yahoo.com,Lee,Rihcard
shadowcat198622@yahoo.com,,
edred.utomi@gmail.com,Edred,Utomi
asaf_blecher@hotmail.com,asaf,blecher
gabealcala@aol.com,Gabe,Alcala
ewagner22@yahoo.com,ellie,wagner
slatif@gmail.com,,
jenskalba@livenation.com,Jen,Skalb
sm.leighann@gmail.com,Leigh'Ann,White
daisynan1104@gmail.com,Daisy,Nan
tim@timziegler.com,Timothy,Ziegler
katyb_ross@hotmail.com,Katy,Ross
simmons88.ds@gmail.com,David,Simmons
megan.wingo@gmail.com,Megan,Wingo
happy3554.fw@gmail.com,Francis,Wu
acsx17@gmail.com,Andy,Scott
emesue@me.com,Emilie,Talbot
kevin.skalba@gmail.com,Kevin,Skalba
kirabrasel@hotmail.com,,
tommyaceto@yahoo.com,Thomas,Aceto
logan_thoreau@yahoo.com,Logan,Thoreau
arovira54@gmail.com,Andres,Rovira
adamrossofficial@gmail.com,Adam Ross,Glickman
theamyanderson@gmail.com,TheAmyAnderson,
spirit2cameleon@yahoo.com,Christina,Schulte
jhnmtchll83@gmail.com,John,Mitchell
bennyb.segal@gmail.com,Benny B.,Segal
chrsvy@gmail.com,Chris,Seavey
lizwillmonton18@gmail.com,Liz,Willminton
labraham@austin.utexas.edu,Abraham, Lee E
me@ihaveshoes.com,brown,carolyn
kozakistan@gmail.com,Aaron,Kozak
montesmethod@gmail.com,Montes,Method
blazej2007@hotmail.com,Joseph,Blaze
nandosasco@gmail.com,Nando,Sasco Film
kathy-hutchinson@comcast.net,Kathy,Hutchinson
eaarkuss@gmail.com,Emily,Arkus
kelleydorney@mac.com,Kelley,Dorney
peti_green@yahoo.com,Peti,Green
conniegalvan21@gmail.com,Connie,Galvan
chriscal905@gmail.com,Chris,
mkroeger1692@gmail.com,Megan,Kroeger
corwinevans@gmail.com,Corwin,Evans
melanifinney@gmail.com,Melani,Finney
phoebejonze@gmail.com,Phoebe,Jones
agwasdoff@gmail.com,Ari,Gwasdoff
texas86guy@yahoo.com,Larry,Bigelow
rachelcofsky22@gmail.com,Rachel,Cofsky
beaugutierrez0@gmail.com,Beau,Gutierrez
burch.ben@gmail.com,Ben,Burch
klingenberg.71@gmail.com,Ian,Klingenberg
jingmeiyu12@gmail.com,Ling,Jing
bcwilks87@yahoo.com,Christian,
hirsheekiss@gmail.com,Rachel,Hirshee
maliadanielle@gmail.com,Malia,German
sgreene1023@gmail.com,Steve,Greene
tara.althaus@gmail.com,Tara,Althaus
zeevee102@gmail.com,Micaela,Davis
jamesmezuki13@yahoo.com,James,Mezuki
monicalillian.jones@gmail.com,Monica,Jones
peytoncrim@me.com,Peyton,Crim
housing@academyart.edu,Housing,Department
annieblumenstein2019@gmail.com,Annie,Blumenstein
gio_exploer@yahoo.com,Gio,Delgado
charliefaith@ymail.com,Charlie,Faith
kristy.chan0906@gmail.com,Kristy,Chan
drobert470@gmail.com,Robert,D
abluegene@yahoo.com,ancel,bell
shellie.babin@notified.com,Babin, Shellie
alishamccutcheon@gmail.com,Alisha,McCutcheon
heathfilms@gmail.com,Matthew,Heath
lajz9@mac.com,Justin,
katharine.k.mcdonough@gmail.com,Katharine,McDonough
meredithellebarnett@gmail.com,Meredith,Barnett
nate1447@gmail.com,Nathan,G.
jonkehote@me.com,Jonathan,Kehoe
mattyhman89@gmail.com,Matthew,H-man
aggeliki.barberopoulou@gmail.com,Aggeliki,Barberopoulou
jonathanklis@yahoo.com,Jonathan,Klis
mackenziemjames@gmail.com,Kenzie,James
jay@jayafrica.com,Jay,Africa
monique.gabrielle413@gmail.com,Monique,Gabrielle
ayersgregj@aol.com,Greg,Ayers
stacyannstrang@yahoo.com,Stacy,Ann
david.lamb75@gmail.com,David,Lamb
mcmahonjb@gmail.com,Joseph,McMahon
junotd@gmail.com,Dan,Bonilla
jclement82@hotmail.com,Jason,Clements
mabramson.theatrics@gmail.com,Mike,Abramson
mbelknap7@gmail.com,Madeline,Belknap
parevalo88@gmail.com,Philip,Arevalo
nklingen12@mail.bw.edu,Nathan,Klingenberg
jadecoleman76@gmail.com,Jade,Coleman
charlesdougherty@mac.com,CHARLES,DOUGHERTY
biryan2008@gmail.com,Ryan,Drive
tlvisitor28@gmail.com,Philip,Connors
saraelizabethg@gmail.com,Sara,Guarnieri
stephen.e.fried@gmail.com,Stephen,Fried
jcs82@live.com,Jason,
filmwritr@gmail.com,Chris,Hadley
dbetts@execonline.com,Drury,Betts
kevin_24273@yahoo.com,Kevin,Herrera
rhys.gilyeat@gmail.com,Rhys,Gilyeat
jeremarquisdrewery@gmail.com,Jeremy,Marquis
londonbluecrystal@yahoo.com,John,Ambrose
dcgoyette@msn.com,david charles,goyette
kce.elizabeth.fox@gmail.com,Elizabeth,Fox
heatherensley@gmail.com,Heather,Ensley
latrey@gmail.com,Trey,McCurley
carolyn@carolynelaine.com,Carolyn,Brown brown
tnat512@gmail.com,E,M
kingfisher@scarycow.com,Tony,Jonick
gwenithk@excite.com,gwenith,kikawa
herrerapbs@yahoo.com,David,Herrera
brittany@snugzusa.com,Brittany,David